[
  {
    "pk": 1,
    "id": "e5a90c31-3d827d04-c949d77c",
    "title": "Beach Waves",
    "description": "Drone footage of a beach.",
    "datetime": "2021-06-12 10:59:46"
  },
  {
    "pk": 2,
    "id": "877ebc8f-dfd2c660-5fc06787",
    "title": "Coffee",
    "description": "A coffee machine in use.",
    "datetime": "2021-06-12 11:00:08"
  },
  {
    "pk": 3,
    "id": "b9e91809-29596815-dcb1bdf4",
    "title": "Glacier Express",
    "description": "Drone footage of the famous train from Switzerland.",
    "datetime": "2021-06-12 11:00:37"
  },
  {
    "pk": 4,
    "id": "b9eb3e81-c94f61cc-5caa6548",
    "title": "Fireplace",
    "description": "Relaxing sounds form your virtual fireplace.",
    "datetime": "2021-06-13 10:10:27"
  }
]